<?xml version="1.0" encoding="UTF-8"?>
<!DOCTYPE hibernate-configuration PUBLIC
	"-//Hibernate/Hibernate Configuration DTD 3.0//EN"
	"http://www.hibernate.org/dtd/hibernate-configuration-3.0.dtd">
	
<hibernate-configuration>
	<session-factory>
		<property name="connection.driver_class">com.mysql.cj.jdbc.Driver</property>
		<property name="connection.url">jdbc:mysql://172.16.34.105:3306/1rv20mc102</property>
		<property name="connection.username">1rv20mc102</property>
		<property name="connection.password">1rv20mc102</property>
		<property name="dialect">org.hibernate.dialect.MySQL8Dialect</property>
		<property name="hbm2ddl.auto">update</property> 
		<property name="show_sql">true</property>  
		<mapping class="com.rvce.prog3_practice.Employee"/>  
	</session-factory>
</hibernate-configuration>